Informazioni cronologiche,Quanti anni hai?,Sei maschio o femmina?,Hai comprato o compreresti un Apple Watch (orologio tecnologico)?,Compreresti un cinturino personalizzabile e di maggiore qualit√† a 50 euro?,"Se invece avessi uno sconto del 10% (45 euro) sul cinturino personalizzabile, lo compreresti?","Se invece avessi uno sconto del 20% (40 euro) sul cinturino personalizzabile, lo compreresti?","Se invece avessi uno sconto del 50% (25 euro) sul cinturino personalizzabile, lo compreresti?"
26/03/2021 21.50.20,23,Maschio,SÏ,No,SÏ,,
26/03/2021 21.50.46,23,Femmina,No,No,No,No,No
26/03/2021 21.50.50,23,Maschio,SÏ,No,No,SÏ,
26/03/2021 21.50.58,23,Femmina,SÏ,No,No,No,SÏ
26/03/2021 21.55.34,24,Femmina,No,No,SÏ,,
26/03/2021 21.55.39,50,Femmina,SÏ,SÏ,,,
26/03/2021 21.55.40,54,Maschio,SÏ,No,SÏ,,
26/03/2021 21.58.22,56,Maschio,No,No,No,No,No
26/03/2021 21.58.53,56,Maschio,No,No,No,No,No
26/03/2021 21.58.59,79,Femmina,No,No,No,No,SÏ
26/03/2021 21.59.53,24,Femmina,No,No,No,No,No
26/03/2021 21.59.57,31,Femmina,No,SÏ,,,
26/03/2021 22.00.35,52,Femmina,SÏ,SÏ,,,
26/03/2021 22.00.43,23,Femmina,No,No,No,No,No
26/03/2021 22.01.46,19,Maschio,No,No,No,No,SÏ
26/03/2021 22.02.13,18,Femmina,SÏ,SÏ,,,
26/03/2021 22.04.42,23,Maschio,No,No,No,No,No
26/03/2021 22.06.34,23,Femmina,No,SÏ,,,
26/03/2021 22.07.40,26,Femmina,No,No,No,SÏ,
26/03/2021 22.07.40,20,Femmina,No,SÏ,,,
26/03/2021 22.07.49,20,Femmina,SÏ,SÏ,,,
26/03/2021 22.08.00,20,Femmina,No,SÏ,,,
26/03/2021 22.08.05,20,Femmina,SÏ,No,No,No,SÏ
26/03/2021 22.08.27,26,Femmina,No,SÏ,,,
26/03/2021 22.08.43,51,Maschio,No,No,No,No,SÏ
26/03/2021 22.08.50,23,Maschio,SÏ,SÏ,,,
26/03/2021 22.09.10,23,Maschio,SÏ,SÏ,,,
26/03/2021 22.09.43,33,Maschio,SÏ,SÏ,,,
26/03/2021 22.09.45,21,Femmina,No,No,No,No,No
26/03/2021 22.10.30,20,Femmina,SÏ,No,No,No,SÏ
26/03/2021 22.10.33,19,Femmina,SÏ,No,No,No,No
26/03/2021 22.10.36,23,Femmina,SÏ,SÏ,,,
26/03/2021 22.11.02,25,Maschio,No,SÏ,,,
26/03/2021 22.11.07,18,Femmina,SÏ,SÏ,,,
26/03/2021 22.11.15,19,Femmina,No,No,No,No,SÏ
26/03/2021 22.11.26,21,Femmina,No,No,SÏ,,
26/03/2021 22.11.29,23,Maschio,SÏ,No,No,No,SÏ
26/03/2021 22.11.34,30,Femmina,SÏ,SÏ,,,
26/03/2021 22.11.42,24,Femmina,SÏ,SÏ,,,
26/03/2021 22.12.03,23,Femmina,SÏ,No,SÏ,,
26/03/2021 22.12.40,23,Maschio,SÏ,No,No,No,SÏ
26/03/2021 22.12.58,18,Femmina,SÏ,No,No,No,No
26/03/2021 22.13.29,20,Femmina,SÏ,No,No,No,SÏ
26/03/2021 22.13.35,20,Femmina,SÏ,SÏ,,,
26/03/2021 22.13.45,23,Maschio,No,SÏ,,,
26/03/2021 22.14.19,20,Femmina,SÏ,SÏ,,,
26/03/2021 22.14.22,20,Femmina,SÏ,SÏ,,,
26/03/2021 22.14.28,21,Femmina,No,SÏ,,,
26/03/2021 22.14.40,20,Femmina,SÏ,No,No,No,SÏ
26/03/2021 22.15.09,20,Femmina,SÏ,SÏ,,,
26/03/2021 22.15.52,19,Femmina,SÏ,No,No,No,SÏ
26/03/2021 22.16.05,56,Femmina,SÏ,SÏ,,,
26/03/2021 22.16.07,23,Femmina,SÏ,SÏ,,,
26/03/2021 22.16.28,23,Maschio,No,No,No,No,SÏ
26/03/2021 22.16.38,24,Maschio,No,No,No,No,SÏ
26/03/2021 22.16.48,26,Femmina,No,SÏ,,,
26/03/2021 22.16.55,22,Femmina,SÏ,SÏ,,,
26/03/2021 22.17.14,20,Femmina,SÏ,SÏ,,,
26/03/2021 22.17.45,21,Femmina,No,No,SÏ,,
26/03/2021 22.17.54,20,Femmina,No,No,No,No,No
26/03/2021 22.18.02,21,Femmina,SÏ,No,No,No,No
26/03/2021 22.18.26,23,Femmina,No,No,No,No,SÏ
26/03/2021 22.19.28,21,Maschio,SÏ,No,SÏ,,
26/03/2021 22.20.40,21,Femmina,SÏ,No,No,No,No
26/03/2021 22.20.51,23,Maschio,SÏ,No,No,No,SÏ
26/03/2021 22.21.05,26,Femmina,No,No,No,No,SÏ
26/03/2021 22.21.18,25,Maschio,SÏ,No,SÏ,,
26/03/2021 22.21.40,19,Maschio,No,No,No,No,SÏ
26/03/2021 22.21.45,21,Femmina,No,No,No,No,SÏ
26/03/2021 22.24.09,23,Maschio,SÏ,No,No,No,No
26/03/2021 22.24.58,19,Femmina,No,No,No,No,SÏ
26/03/2021 22.25.25,18,Femmina,SÏ,No,No,No,No
26/03/2021 22.25.25,24,Femmina,SÏ,SÏ,,,
26/03/2021 22.25.31,23,Femmina,No,SÏ,,,
26/03/2021 22.25.50,28,Maschio,No,No,No,No,No
26/03/2021 22.26.22,22,Maschio,No,No,No,No,SÏ
26/03/2021 22.26.25,19,Femmina,SÏ,SÏ,,,
26/03/2021 22.26.27,21,Femmina,SÏ,SÏ,,,
26/03/2021 22.26.47,24,Maschio,SÏ,SÏ,,,
26/03/2021 22.26.49,20,Femmina,SÏ,No,No,No,No
26/03/2021 22.27.35,20,Femmina,No,No,No,No,SÏ
26/03/2021 22.28.03,23,Maschio,No,No,No,No,SÏ
26/03/2021 22.28.07,57,Maschio,No,No,No,No,No
26/03/2021 22.28.12,20,Femmina,No,No,No,No,No
26/03/2021 22.28.19,21,Femmina,SÏ,SÏ,,,
26/03/2021 22.28.33,20,Femmina,SÏ,No,No,No,No
26/03/2021 22.28.33,20,Femmina,No,No,No,No,SÏ
26/03/2021 22.28.33,22,Femmina,SÏ,No,SÏ,,
26/03/2021 22.29.26,18,Femmina,No,No,No,No,No
26/03/2021 22.29.49,19,Femmina,No,No,No,No,SÏ
26/03/2021 22.30.04,20,Femmina,SÏ,No,No,No,SÏ
26/03/2021 22.30.23,18,Femmina,SÏ,No,SÏ,,
26/03/2021 22.31.24,21,Femmina,SÏ,SÏ,,,
26/03/2021 22.32.16,25,Maschio,No,No,No,No,SÏ
26/03/2021 22.32.31,21,Femmina,No,No,No,No,No
26/03/2021 22.32.57,53,Femmina,No,No,No,No,No
26/03/2021 22.33.23,18,Femmina,SÏ,No,No,No,No
26/03/2021 22.34.49,21,Femmina,No,SÏ,,,
26/03/2021 22.34.56,23,Maschio,No,SÏ,,,
26/03/2021 22.35.21,20,Femmina,SÏ,No,No,No,No
26/03/2021 22.35.30,20,Femmina,SÏ,No,No,No,SÏ
26/03/2021 22.35.54,19,Femmina,No,No,No,No,No
26/03/2021 22.35.54,20,Femmina,SÏ,SÏ,,,
26/03/2021 22.36.07,22,Maschio,SÏ,No,No,SÏ,
26/03/2021 22.36.23,20,Femmina,SÏ,SÏ,,,
26/03/2021 22.36.24,24,Femmina,No,No,No,No,No
26/03/2021 22.36.26,23,Femmina,No,SÏ,,,
26/03/2021 22.36.36,50,Maschio,No,No,No,No,No
26/03/2021 22.36.49,20,Femmina,SÏ,SÏ,,,
26/03/2021 22.38.53,21,Femmina,SÏ,SÏ,,,
26/03/2021 22.39.34,24,Femmina,No,No,No,No,No
26/03/2021 22.41.40,20,Femmina,SÏ,SÏ,,,
26/03/2021 22.42.21,52,Femmina,SÏ,SÏ,,,
26/03/2021 22.44.42,17,Femmina,SÏ,SÏ,,,
26/03/2021 22.44.59,20,Femmina,SÏ,SÏ,,,
26/03/2021 22.45.36,18,Femmina,SÏ,No,No,SÏ,
26/03/2021 22.46.19,25,Maschio,SÏ,No,No,No,SÏ
26/03/2021 22.47.09,21,Femmina,SÏ,No,No,No,SÏ
26/03/2021 22.48.27,23,Femmina,SÏ,SÏ,,,
26/03/2021 22.49.06,23,Femmina,No,No,No,No,SÏ
26/03/2021 22.49.19,24,Maschio,No,SÏ,,,
26/03/2021 22.50.09,23,Maschio,No,No,No,No,No
26/03/2021 22.50.27,22,Femmina,SÏ,No,No,No,No
26/03/2021 22.50.54,18,Femmina,SÏ,SÏ,,,
26/03/2021 22.52.48,53,Maschio,SÏ,SÏ,,,
26/03/2021 22.53.08,22,Femmina,No,No,No,No,SÏ
26/03/2021 22.53.53,35,Maschio,No,No,No,No,No
26/03/2021 22.54.52,21,Femmina,No,No,No,No,No
26/03/2021 22.55.11,19,Femmina,SÏ,No,No,No,SÏ
26/03/2021 22.55.41,25,Femmina,SÏ,No,No,No,SÏ
26/03/2021 22.55.41,23,Femmina,SÏ,SÏ,,,
26/03/2021 22.56.42,19,Femmina,SÏ,No,No,No,SÏ
26/03/2021 22.56.54,19,Femmina,SÏ,SÏ,,,
26/03/2021 22.56.55,19,Femmina,No,No,No,No,SÏ
26/03/2021 22.57.19,23,Maschio,No,No,No,No,SÏ
26/03/2021 22.58.22,23,Maschio,SÏ,No,No,No,SÏ
26/03/2021 22.58.44,21,Femmina,SÏ,No,No,No,SÏ
26/03/2021 22.59.49,21,Femmina,SÏ,SÏ,,,
26/03/2021 23.01.18,21,Femmina,SÏ,SÏ,,,
26/03/2021 23.01.19,19,Femmina,No,No,SÏ,,
26/03/2021 23.02.02,21,Femmina,SÏ,SÏ,,,
26/03/2021 23.02.19,23,Maschio,No,No,No,No,SÏ
26/03/2021 23.05.36,22,Femmina,No,No,No,No,SÏ
26/03/2021 23.06.04,23,Maschio,No,No,No,No,SÏ
26/03/2021 23.06.22,24,Femmina,No,SÏ,,,
26/03/2021 23.07.14,22,Femmina,No,No,No,SÏ,
26/03/2021 23.08.25,17,Femmina,No,No,No,No,SÏ
26/03/2021 23.08.40,23,Maschio,No,No,No,No,No
26/03/2021 23.08.46,22,Maschio,No,No,No,No,No
26/03/2021 23.08.50,18,Femmina,No,No,No,No,SÏ
26/03/2021 23.09.34,23,Femmina,No,SÏ,,,
26/03/2021 23.10.10,22,Maschio,No,No,No,No,No
26/03/2021 23.10.33,20,Femmina,SÏ,SÏ,,,
26/03/2021 23.13.27,18,Femmina,SÏ,SÏ,,,
26/03/2021 23.13.47,23,Maschio,SÏ,SÏ,,,
26/03/2021 23.14.07,17,Femmina,No,No,No,No,SÏ
26/03/2021 23.14.13,24,Maschio,No,No,No,No,SÏ
26/03/2021 23.17.18,21,Femmina,No,No,No,No,SÏ
26/03/2021 23.17.21,20,Femmina,SÏ,SÏ,,,
26/03/2021 23.18.07,19,Femmina,No,SÏ,,,
26/03/2021 23.19.49,23,Femmina,No,No,No,SÏ,
26/03/2021 23.24.32,22,Femmina,No,No,No,No,SÏ
26/03/2021 23.26.49,21,Maschio,No,No,No,No,No
26/03/2021 23.27.14,24,Femmina,SÏ,No,No,No,SÏ
26/03/2021 23.30.15,54,Femmina,SÏ,No,No,No,No
26/03/2021 23.30.49,22,Femmina,SÏ,No,No,No,No
26/03/2021 23.31.09,58,Maschio,No,No,No,No,No
26/03/2021 23.31.16,22,Femmina,SÏ,No,No,No,SÏ
26/03/2021 23.31.22,57,Femmina,SÏ,No,No,No,SÏ
26/03/2021 23.31.59,20,Femmina,SÏ,SÏ,,,
26/03/2021 23.33.01,23,Maschio,SÏ,No,No,No,SÏ
26/03/2021 23.33.17,22,Femmina,SÏ,No,No,No,SÏ
26/03/2021 23.33.47,20,Femmina,No,No,SÏ,,
26/03/2021 23.34.56,30,Maschio,SÏ,SÏ,,,
26/03/2021 23.35.48,19,Maschio,SÏ,No,No,No,SÏ
26/03/2021 23.36.37,18,Femmina,No,SÏ,,,
26/03/2021 23.37.17,24,Maschio,No,No,No,No,No
26/03/2021 23.40.01,20,Femmina,SÏ,No,No,SÏ,
26/03/2021 23.40.22,24,Maschio,SÏ,SÏ,,,
26/03/2021 23.41.09,51,Maschio,No,No,No,No,No
26/03/2021 23.42.02,52,Femmina,No,No,No,No,No
26/03/2021 23.44.48,25,Maschio,SÏ,No,No,No,No
26/03/2021 23.44.54,19,Femmina,No,SÏ,,,
26/03/2021 23.45.21,19,Femmina,No,SÏ,,,
26/03/2021 23.48.27,18,Femmina,SÏ,No,No,No,SÏ
26/03/2021 23.50.58,21,Femmina,No,No,No,No,SÏ
26/03/2021 23.51.54,23,Femmina,No,SÏ,,,
26/03/2021 23.52.31,53,Maschio,SÏ,SÏ,,,
26/03/2021 23.54.31,24,Maschio,No,No,No,No,No
26/03/2021 23.56.28,18,Femmina,No,No,No,No,SÏ
27/03/2021 0.00.08,22,Maschio,SÏ,No,No,No,No
27/03/2021 0.05.22,22,Femmina,No,No,No,SÏ,
27/03/2021 0.07.31,20,Femmina,No,No,No,No,SÏ
27/03/2021 0.10.29,24,Femmina,SÏ,SÏ,,,
27/03/2021 0.13.39,23,Maschio,SÏ,No,No,No,No
27/03/2021 0.16.54,22,Femmina,SÏ,No,No,SÏ,
27/03/2021 0.17.09,24,Femmina,SÏ,No,No,No,No
27/03/2021 0.17.38,21,Femmina,SÏ,SÏ,,,
27/03/2021 0.17.39,24,Maschio,No,SÏ,,,
27/03/2021 0.18.21,19,Femmina,SÏ,SÏ,,,
27/03/2021 0.18.35,19,Femmina,No,SÏ,,,
27/03/2021 0.19.00,25,Maschio,No,No,No,No,No
27/03/2021 0.19.04,21,Femmina,SÏ,SÏ,,,
27/03/2021 0.19.17,24,Femmina,No,SÏ,,,
27/03/2021 0.20.15,23,Femmina,No,No,No,No,SÏ
27/03/2021 0.20.17,23,Femmina,No,No,No,No,SÏ
27/03/2021 0.22.30,19,Femmina,SÏ,SÏ,,,
27/03/2021 0.24.11,22,Femmina,SÏ,SÏ,,,
27/03/2021 0.37.04,23,Maschio,No,No,No,No,No
27/03/2021 0.37.08,21,Femmina,SÏ,No,No,No,SÏ
27/03/2021 0.37.33,22,Maschio,No,No,No,No,No
27/03/2021 0.46.05,22,Femmina,SÏ,No,No,No,SÏ
27/03/2021 0.53.50,22,Maschio,SÏ,No,No,SÏ,
27/03/2021 1.19.41,20,Femmina,No,SÏ,,,
27/03/2021 1.23.31,23,Maschio,No,No,No,No,No
27/03/2021 1.55.02,22,Maschio,SÏ,No,No,No,No
27/03/2021 2.04.36,22,Maschio,No,No,No,No,No
27/03/2021 2.07.17,23,Femmina,SÏ,No,SÏ,,
27/03/2021 4.35.28,25,Femmina,No,No,No,No,No
27/03/2021 4.55.58,28,Maschio,No,No,No,No,SÏ
27/03/2021 5.43.40,54,Maschio,No,No,No,No,No
27/03/2021 6.37.52,20,Femmina,No,No,No,No,No
27/03/2021 6.42.01,23,Femmina,No,No,No,No,No
27/03/2021 7.00.51,24,Femmina,No,No,No,No,No
27/03/2021 7.10.14,23,Maschio,No,No,No,No,No
27/03/2021 7.22.31,19,Femmina,No,No,No,No,SÏ
27/03/2021 7.33.08,23,Femmina,No,No,No,No,SÏ
27/03/2021 7.39.47,31,Femmina,No,No,No,No,SÏ
27/03/2021 7.40.57,24,Femmina,No,No,No,No,SÏ
27/03/2021 7.41.39,23,Femmina,No,SÏ,,,
27/03/2021 7.43.20,63,Femmina,No,No,No,No,No
27/03/2021 7.45.49,64,Maschio,SÏ,No,No,No,No
27/03/2021 7.47.43,19,Femmina,No,SÏ,,,
27/03/2021 7.49.25,60,Maschio,No,No,No,No,No
27/03/2021 7.49.51,74,Femmina,SÏ,No,No,No,No
27/03/2021 8.00.53,24,Maschio,No,No,No,No,No
27/03/2021 8.02.11,23,Maschio,No,No,No,No,No
27/03/2021 8.03.15,23,Femmina,SÏ,SÏ,,,
27/03/2021 8.04.51,24,Femmina,SÏ,No,SÏ,,
27/03/2021 8.08.09,23,Maschio,SÏ,SÏ,,,
27/03/2021 8.12.19,80,Maschio,SÏ,No,No,No,No
27/03/2021 8.15.12,19,Femmina,SÏ,SÏ,,,
27/03/2021 8.19.50,17,Femmina,SÏ,No,No,No,SÏ
27/03/2021 8.20.30,24,Femmina,SÏ,No,No,No,SÏ
27/03/2021 8.22.58,56,Maschio,No,No,No,No,No
27/03/2021 8.23.06,47,Femmina,No,No,No,SÏ,
27/03/2021 8.24.13,20,Femmina,No,No,SÏ,,
27/03/2021 8.28.58,25,Femmina,No,SÏ,,,
27/03/2021 8.30.28,23,Maschio,No,No,No,No,SÏ
27/03/2021 8.30.54,24,Femmina,SÏ,No,No,No,SÏ
27/03/2021 8.32.40,58,Femmina,No,No,No,No,SÏ
27/03/2021 8.36.13,26,Maschio,No,No,No,No,No
27/03/2021 8.38.48,23,Maschio,No,No,No,No,SÏ
27/03/2021 8.51.31,22,Femmina,No,No,No,No,No
27/03/2021 8.55.56,22,Maschio,No,No,No,No,SÏ
27/03/2021 9.00.43,53,Femmina,SÏ,SÏ,,,
27/03/2021 9.01.07,52,Femmina,No,No,No,No,SÏ
27/03/2021 9.01.21,44,Femmina,No,No,No,No,No
27/03/2021 9.01.30,56,Femmina,No,No,SÏ,,
27/03/2021 9.02.37,21,Maschio,SÏ,No,SÏ,,
27/03/2021 9.05.15,40,Femmina,SÏ,No,No,No,SÏ
27/03/2021 9.06.07,60,Femmina,No,No,No,No,No
27/03/2021 9.06.51,62,Maschio,SÏ,No,No,No,SÏ
27/03/2021 9.09.21,52,Femmina,No,No,No,No,No
27/03/2021 9.09.34,18,Femmina,SÏ,SÏ,,,
27/03/2021 9.10.37,33,Femmina,No,No,No,No,SÏ
27/03/2021 9.10.46,76,Maschio,SÏ,No,No,No,No
27/03/2021 9.11.31,23,Maschio,No,No,No,No,SÏ
27/03/2021 9.12.11,24,Femmina,SÏ,SÏ,,,
27/03/2021 9.13.05,19,Femmina,No,SÏ,,,
27/03/2021 9.13.54,23,Femmina,No,No,No,No,No
27/03/2021 9.15.05,51,Femmina,SÏ,No,No,No,SÏ
27/03/2021 9.15.11,23,Femmina,No,No,No,No,No
27/03/2021 9.16.01,23,Femmina,SÏ,No,No,No,No
27/03/2021 9.16.50,24,Maschio,No,No,No,No,No
27/03/2021 9.16.59,24,Femmina,No,No,No,No,No
27/03/2021 9.18.24,47,Maschio,No,No,No,No,SÏ
27/03/2021 9.22.33,25,Femmina,SÏ,SÏ,,,
27/03/2021 9.22.47,49,Femmina,SÏ,No,SÏ,,
27/03/2021 9.23.51,44,Femmina,SÏ,No,No,No,SÏ
27/03/2021 9.24.58,40,Femmina,No,No,No,No,No
27/03/2021 9.25.52,44,Femmina,SÏ,No,No,No,SÏ
27/03/2021 9.26.54,47,Maschio,No,No,No,No,No
27/03/2021 9.27.03,21,Femmina,SÏ,No,No,No,SÏ
27/03/2021 9.27.38,40,Femmina,No,SÏ,,,
27/03/2021 9.30.06,20,Femmina,No,No,No,No,No
27/03/2021 9.31.09,25,Maschio,No,No,No,No,No
27/03/2021 9.31.42,23,Femmina,SÏ,SÏ,,,
27/03/2021 9.34.17,26,Maschio,No,No,No,No,No
27/03/2021 9.35.22,14,Femmina,SÏ,No,No,No,SÏ
27/03/2021 9.35.32,16,Femmina,SÏ,No,SÏ,,
27/03/2021 9.38.08,23,Femmina,SÏ,SÏ,,,
27/03/2021 9.38.29,17,Femmina,No,No,No,No,SÏ
27/03/2021 9.42.22,23,Maschio,No,No,No,No,No
27/03/2021 9.42.57,23,Femmina,No,No,No,No,SÏ
27/03/2021 9.45.24,46,Femmina,No,No,No,No,SÏ
27/03/2021 9.48.42,47,Femmina,No,No,No,No,SÏ
27/03/2021 9.48.44,50,Maschio,No,No,No,No,No
27/03/2021 9.49.15,42,Maschio,SÏ,No,No,No,No
27/03/2021 9.51.17,24,Femmina,No,No,No,No,No
27/03/2021 9.53.41,20,Femmina,No,No,No,No,SÏ
27/03/2021 9.57.08,23,Maschio,No,No,No,No,No
27/03/2021 9.57.33,39,Femmina,No,No,No,SÏ,
27/03/2021 9.58.58,23,Maschio,No,No,No,No,No
27/03/2021 9.59.12,49,Maschio,No,No,SÏ,,
27/03/2021 9.59.34,24,Maschio,SÏ,No,No,No,No
27/03/2021 9.59.48,59,Femmina,No,No,No,No,No
27/03/2021 10.00.53,20,Femmina,SÏ,No,No,No,SÏ
27/03/2021 10.02.02,37,Femmina,SÏ,SÏ,,,
27/03/2021 10.02.07,42,Maschio,SÏ,No,No,No,No
27/03/2021 10.02.21,70,Maschio,SÏ,No,No,No,No
27/03/2021 10.02.26,24,Maschio,No,No,No,No,No
27/03/2021 10.04.29,24,Femmina,SÏ,No,No,No,SÏ
27/03/2021 10.05.57,54,Maschio,SÏ,SÏ,,,
27/03/2021 10.06.54,24,Maschio,No,No,No,No,No
27/03/2021 10.07.18,52,Femmina,No,No,No,No,No
27/03/2021 10.07.32,52,Femmina,SÏ,SÏ,,,
27/03/2021 10.08.23,21,Maschio,SÏ,No,SÏ,,
27/03/2021 10.08.45,39,Femmina,SÏ,No,No,No,No
27/03/2021 10.10.03,23,Maschio,No,No,No,No,SÏ
27/03/2021 10.10.37,22,Femmina,No,No,No,No,SÏ
27/03/2021 10.15.07,23,Maschio,SÏ,No,No,No,No
27/03/2021 10.16.38,22,Femmina,No,SÏ,,,
27/03/2021 10.17.19,25,Maschio,No,No,No,No,SÏ
27/03/2021 10.19.29,40,Femmina,No,No,No,No,No
27/03/2021 10.19.33,34,Maschio,No,No,No,No,No
27/03/2021 10.20.31,23,Maschio,No,No,No,No,SÏ
27/03/2021 10.20.39,34,Femmina,No,No,No,No,No
27/03/2021 10.22.05,41,Maschio,SÏ,No,No,No,No
27/03/2021 10.22.32,23,Maschio,No,No,No,No,No
27/03/2021 10.22.40,47,Maschio,SÏ,No,No,No,SÏ
27/03/2021 10.24.15,19,Maschio,SÏ,No,No,No,No
27/03/2021 10.26.06,45,Femmina,No,SÏ,,,
27/03/2021 10.26.47,24,Maschio,No,No,No,No,SÏ
27/03/2021 10.27.33,47,Maschio,No,No,No,No,SÏ
27/03/2021 10.28.09,20,Femmina,No,No,No,No,SÏ
27/03/2021 10.34.09,48,Maschio,No,No,No,No,No
27/03/2021 10.34.17,67,Femmina,SÏ,No,No,No,No
27/03/2021 10.34.45,65,Maschio,No,No,No,No,No
27/03/2021 10.34.56,44,Femmina,No,No,No,No,No
27/03/2021 10.36.08,37,Maschio,SÏ,No,No,No,SÏ
27/03/2021 10.36.32,25,Maschio,No,No,No,No,SÏ
27/03/2021 10.38.13,50,Maschio,SÏ,No,No,No,SÏ
27/03/2021 10.38.31,60,Maschio,No,No,No,No,No
27/03/2021 10.38.43,42,Maschio,No,No,No,No,No
27/03/2021 10.38.55,50,Maschio,No,No,No,No,No
27/03/2021 10.40.56,25,Maschio,SÏ,SÏ,,,
27/03/2021 10.41.28,57,Femmina,No,No,SÏ,,
27/03/2021 10.41.54,38,Maschio,No,No,No,SÏ,
27/03/2021 10.42.19,20,Femmina,SÏ,SÏ,,,
27/03/2021 10.43.44,50,Maschio,No,No,No,No,No
27/03/2021 10.46.04,37,Femmina,No,SÏ,,,
27/03/2021 10.48.51,16,Maschio,SÏ,SÏ,,,
27/03/2021 10.49.33,11,Femmina,SÏ,SÏ,,,
27/03/2021 10.50.40,24,Maschio,SÏ,SÏ,,,
27/03/2021 10.50.50,47,Femmina,SÏ,SÏ,,,
27/03/2021 10.50.59,41,Femmina,No,No,No,No,No
27/03/2021 10.52.40,20,Femmina,SÏ,No,No,No,SÏ
27/03/2021 10.54.05,30,Maschio,No,No,SÏ,,
27/03/2021 10.57.16,47,Maschio,SÏ,No,No,No,SÏ
27/03/2021 10.57.42,23,Femmina,No,SÏ,,,
27/03/2021 10.57.59,57,Femmina,No,No,No,No,No
27/03/2021 10.59.17,69,Femmina,SÏ,No,No,SÏ,
27/03/2021 10.59.43,64,Femmina,No,No,No,No,No
27/03/2021 11.00.22,48,Femmina,SÏ,No,No,No,SÏ
27/03/2021 11.00.56,38,Femmina,No,No,No,No,No
27/03/2021 11.01.27,45,Maschio,SÏ,No,No,No,No
27/03/2021 11.01.44,44,Maschio,No,SÏ,,,
27/03/2021 11.02.16,61,Maschio,SÏ,No,No,No,No
27/03/2021 11.02.56,27,Femmina,SÏ,No,No,No,No
27/03/2021 11.02.57,49,Maschio,SÏ,No,No,No,SÏ
27/03/2021 11.03.01,39,Femmina,No,No,No,No,SÏ
27/03/2021 11.03.31,30,Maschio,No,No,No,No,SÏ
27/03/2021 11.03.33,52,Femmina,SÏ,SÏ,,,
27/03/2021 11.06.05,23,Maschio,No,No,No,No,No
27/03/2021 11.06.41,24,Maschio,No,SÏ,,,
27/03/2021 11.06.44,51,Maschio,No,No,No,No,No
27/03/2021 11.08.17,49,Maschio,No,No,No,No,SÏ
27/03/2021 11.09.18,25,Femmina,SÏ,SÏ,,,
27/03/2021 11.09.38,59,Femmina,SÏ,No,No,No,No
27/03/2021 11.09.39,32,Femmina,No,No,SÏ,,
27/03/2021 11.10.51,29,Femmina,SÏ,SÏ,,,
27/03/2021 11.10.52,42,Femmina,No,SÏ,,,
27/03/2021 11.14.15,33,Femmina,SÏ,No,SÏ,,
27/03/2021 11.14.37,53,Maschio,SÏ,SÏ,,,
27/03/2021 11.16.37,16,Maschio,SÏ,SÏ,,,
27/03/2021 11.16.56,35,Maschio,No,No,No,No,No
27/03/2021 11.22.56,44,Femmina,SÏ,No,No,No,No
27/03/2021 11.23.08,61,Femmina,No,No,No,No,No
27/03/2021 11.24.07,23,Femmina,SÏ,No,No,No,SÏ
27/03/2021 11.24.49,44,Femmina,No,SÏ,,,
27/03/2021 11.25.58,40,Femmina,No,No,No,No,No
27/03/2021 11.26.37,24,Femmina,No,SÏ,,,
27/03/2021 11.26.51,22,Femmina,No,No,SÏ,,
27/03/2021 11.26.58,45,Femmina,SÏ,SÏ,,,
27/03/2021 11.30.46,38,Femmina,No,SÏ,,,
27/03/2021 11.33.32,56,Femmina,SÏ,No,No,No,No
27/03/2021 11.39.38,45,Femmina,No,SÏ,,,
27/03/2021 11.40.53,20,Femmina,No,No,No,SÏ,
27/03/2021 11.41.12,49,Femmina,SÏ,No,SÏ,,
27/03/2021 11.41.58,22,Femmina,No,SÏ,,,
27/03/2021 11.43.50,63,Maschio,No,SÏ,,,
27/03/2021 11.44.11,51,Femmina,No,No,No,No,No
27/03/2021 11.44.58,61,Femmina,No,No,No,No,No
27/03/2021 11.45.13,41,Femmina,No,No,No,No,No
27/03/2021 11.47.08,56,Maschio,No,No,No,No,SÏ
27/03/2021 11.47.36,50,Femmina,SÏ,SÏ,,,
27/03/2021 11.52.27,20,Femmina,SÏ,SÏ,,,
27/03/2021 11.54.34,49,Maschio,No,No,No,No,No
27/03/2021 11.55.24,32,Femmina,No,No,No,No,No
27/03/2021 11.55.36,21,Femmina,SÏ,SÏ,,,
27/03/2021 12.00.42,49,Maschio,SÏ,SÏ,,,
27/03/2021 12.00.51,72,Maschio,SÏ,No,No,No,No
27/03/2021 12.03.40,71,Femmina,SÏ,No,No,No,No
27/03/2021 12.03.43,44,Femmina,SÏ,No,No,No,SÏ
27/03/2021 12.03.52,55,Femmina,No,No,No,No,No
27/03/2021 12.07.40,52,Femmina,No,No,No,No,No
27/03/2021 12.10.18,20,Femmina,SÏ,SÏ,,,
27/03/2021 12.10.43,59,Maschio,SÏ,SÏ,,,
27/03/2021 12.11.05,39,Femmina,No,No,No,No,SÏ
27/03/2021 12.12.29,38,Femmina,SÏ,No,No,No,SÏ
27/03/2021 12.13.20,18,Femmina,No,No,No,No,SÏ
27/03/2021 12.13.28,62,Femmina,SÏ,No,No,No,SÏ
27/03/2021 12.14.01,50,Femmina,No,SÏ,,,
27/03/2021 12.14.38,31,Femmina,No,No,No,No,No
27/03/2021 12.16.48,29,Maschio,No,No,No,No,SÏ
27/03/2021 12.19.35,52,Maschio,No,No,No,No,No
27/03/2021 12.19.53,20,Femmina,SÏ,No,No,No,No
27/03/2021 12.20.21,41,Femmina,No,No,No,No,SÏ
27/03/2021 12.20.29,51,Femmina,SÏ,No,No,No,SÏ
27/03/2021 12.23.11,49,Femmina,SÏ,No,No,No,SÏ
27/03/2021 12.26.33,38,Femmina,No,SÏ,,,
27/03/2021 12.28.41,19,Femmina,SÏ,SÏ,,,
27/03/2021 12.29.00,34,Femmina,No,No,No,No,SÏ
27/03/2021 12.29.59,21,Femmina,SÏ,SÏ,,,
27/03/2021 12.30.09,36,Maschio,No,No,No,No,SÏ
27/03/2021 12.31.39,18,Femmina,No,No,No,No,SÏ
27/03/2021 12.33.18,37,Femmina,No,SÏ,,,
27/03/2021 12.38.16,35,Maschio,SÏ,SÏ,,,
27/03/2021 12.39.01,46,Maschio,No,No,No,No,SÏ
27/03/2021 12.39.19,66,Femmina,No,No,No,No,No
27/03/2021 12.39.49,35,Maschio,No,No,No,No,No
27/03/2021 12.40.43,57,Femmina,SÏ,No,SÏ,,
27/03/2021 12.41.41,40,Femmina,No,No,No,No,No
27/03/2021 12.42.39,39,Maschio,SÏ,No,No,No,No
27/03/2021 12.50.15,57,Maschio,No,No,No,No,No
27/03/2021 12.50.15,23,Maschio,No,No,No,No,SÏ
27/03/2021 12.51.15,50,Femmina,No,No,No,No,SÏ
27/03/2021 12.54.21,25,Maschio,SÏ,No,No,No,No
27/03/2021 12.54.26,24,Femmina,No,SÏ,,,
27/03/2021 12.54.48,30,Femmina,SÏ,SÏ,,,
27/03/2021 12.56.13,32,Maschio,No,SÏ,,,
27/03/2021 12.56.14,32,Femmina,No,No,No,No,SÏ
27/03/2021 12.56.30,54,Femmina,No,No,No,No,SÏ
27/03/2021 12.57.27,32,Maschio,No,No,No,SÏ,
27/03/2021 12.57.58,57,Maschio,No,No,No,No,SÏ
27/03/2021 13.00.36,31,Femmina,No,No,No,No,No
27/03/2021 13.00.54,35,Maschio,SÏ,SÏ,,,
27/03/2021 13.02.43,35,Maschio,No,No,No,No,No
27/03/2021 13.03.10,58,Femmina,SÏ,No,No,No,SÏ
27/03/2021 13.04.57,45,Femmina,No,No,No,No,No
27/03/2021 13.05.44,31,Femmina,SÏ,SÏ,,,
27/03/2021 13.07.51,42,Femmina,SÏ,No,No,No,SÏ
27/03/2021 13.09.43,50,Maschio,SÏ,No,No,No,No
27/03/2021 13.11.17,21,Femmina,SÏ,No,No,No,No
27/03/2021 13.12.17,50,Femmina,No,No,No,No,No
27/03/2021 13.12.18,62,Femmina,SÏ,No,SÏ,,
27/03/2021 13.12.24,43,Femmina,SÏ,No,SÏ,,
27/03/2021 13.12.38,49,Maschio,SÏ,No,No,No,No
27/03/2021 13.13.26,37,Femmina,SÏ,SÏ,,,
27/03/2021 13.15.08,24,Maschio,No,No,No,No,SÏ
27/03/2021 13.16.03,34,Maschio,No,No,No,No,No
27/03/2021 13.16.57,27,Maschio,SÏ,No,No,No,No
27/03/2021 13.17.39,29,Femmina,No,No,No,No,No
27/03/2021 13.18.12,31,Maschio,No,No,No,No,SÏ
27/03/2021 13.18.59,22,Maschio,SÏ,No,No,No,SÏ
27/03/2021 13.19.14,31,Maschio,No,No,No,No,No
27/03/2021 13.20.35,23,Femmina,SÏ,No,No,No,No
27/03/2021 13.23.42,33,Femmina,SÏ,SÏ,,,
27/03/2021 13.25.46,51,Femmina,SÏ,No,No,No,SÏ
27/03/2021 13.26.06,51,Femmina,SÏ,No,No,No,SÏ
27/03/2021 13.27.13,39,Maschio,SÏ,No,No,No,No
27/03/2021 13.28.39,55,Femmina,No,SÏ,,,
27/03/2021 13.29.16,43,Femmina,SÏ,SÏ,,,
27/03/2021 13.32.28,38,Femmina,No,No,No,No,No
27/03/2021 13.33.08,45,Femmina,No,No,No,No,No
27/03/2021 13.33.47,38,Femmina,No,No,No,No,SÏ
27/03/2021 13.34.08,60,Femmina,SÏ,No,No,No,SÏ
27/03/2021 13.34.27,48,Femmina,SÏ,No,No,No,SÏ
27/03/2021 13.35.37,27,Femmina,No,No,No,No,No
27/03/2021 13.35.38,33,Femmina,SÏ,SÏ,,,
27/03/2021 13.36.08,47,Femmina,No,No,No,No,SÏ
27/03/2021 13.37.54,23,Femmina,No,No,No,No,SÏ
27/03/2021 13.37.58,30,Femmina,No,No,No,No,SÏ
27/03/2021 13.39.40,43,Femmina,SÏ,SÏ,,,
27/03/2021 13.39.42,38,Maschio,No,No,No,No,SÏ
27/03/2021 13.41.09,61,Femmina,No,SÏ,,,
27/03/2021 13.41.31,21,Maschio,No,No,No,No,No
27/03/2021 13.41.43,42,Femmina,No,SÏ,,,
27/03/2021 13.42.02,32,Femmina,No,SÏ,,,
27/03/2021 13.43.27,31,Maschio,No,No,No,SÏ,
27/03/2021 13.44.40,43,Femmina,SÏ,No,No,No,SÏ
27/03/2021 13.44.59,32,Femmina,No,No,No,No,No
27/03/2021 13.45.06,40,Femmina,No,No,No,No,SÏ
27/03/2021 13.45.43,44,Femmina,SÏ,SÏ,,,
27/03/2021 13.47.46,48,Femmina,No,No,No,No,SÏ
27/03/2021 13.47.50,31,Femmina,No,No,No,No,SÏ
27/03/2021 13.47.59,56,Femmina,No,SÏ,,,
27/03/2021 13.54.02,31,Maschio,No,No,No,SÏ,
27/03/2021 13.54.58,19,Maschio,No,No,No,No,SÏ
27/03/2021 13.55.35,54,Femmina,SÏ,SÏ,,,
27/03/2021 13.56.17,73,Femmina,No,No,No,No,No
27/03/2021 13.56.30,41,Femmina,No,SÏ,,,
27/03/2021 13.56.56,22,Femmina,SÏ,No,No,No,SÏ
27/03/2021 13.59.57,31,Maschio,SÏ,No,No,No,No
27/03/2021 14.00.45,58,Femmina,No,SÏ,,,
27/03/2021 14.02.48,39,Maschio,No,No,No,No,No
27/03/2021 14.03.03,49,Femmina,SÏ,No,SÏ,,
27/03/2021 14.03.42,31,Femmina,SÏ,No,No,No,No
27/03/2021 14.06.34,26,Femmina,No,No,No,No,SÏ
27/03/2021 14.12.21,25,Femmina,SÏ,No,No,No,SÏ
27/03/2021 14.12.55,29,Maschio,SÏ,No,SÏ,,
27/03/2021 14.13.55,55,Maschio,No,No,SÏ,,
27/03/2021 14.13.59,46,Femmina,No,No,No,No,SÏ
27/03/2021 14.20.25,40,Femmina,SÏ,No,No,No,SÏ
27/03/2021 14.21.15,28,Maschio,SÏ,No,No,No,SÏ
27/03/2021 14.22.38,54,Femmina,SÏ,No,No,No,No
27/03/2021 14.24.00,31,Femmina,No,No,No,No,No
27/03/2021 14.24.03,72,Femmina,No,No,No,No,No
27/03/2021 14.24.06,43,Femmina,SÏ,SÏ,,,
27/03/2021 14.24.30,53,Maschio,SÏ,SÏ,,,
27/03/2021 14.26.33,33,Femmina,No,No,No,No,No
27/03/2021 14.28.27,35,Femmina,No,No,No,No,No
27/03/2021 14.28.44,21,Femmina,SÏ,No,No,No,SÏ
27/03/2021 14.29.01,63,Femmina,SÏ,No,No,No,SÏ
27/03/2021 14.29.07,31,Maschio,SÏ,No,No,No,No
27/03/2021 14.29.10,22,Maschio,No,No,SÏ,,
27/03/2021 14.29.28,21,Maschio,No,No,No,No,No
27/03/2021 14.30.07,21,Maschio,No,No,No,No,SÏ
27/03/2021 14.30.19,21,Maschio,No,SÏ,,,
27/03/2021 14.30.39,54,Femmina,SÏ,No,No,No,No
27/03/2021 14.31.08,99,Femmina,SÏ,No,No,No,SÏ
27/03/2021 14.31.59,42,Femmina,No,No,No,No,No
27/03/2021 14.32.17,22,Femmina,No,No,No,No,SÏ
27/03/2021 14.32.36,21,Femmina,SÏ,No,No,No,SÏ
27/03/2021 14.32.38,21,Maschio,No,No,No,No,No
27/03/2021 14.33.18,21,Maschio,No,No,No,No,No
27/03/2021 14.33.19,21,Maschio,SÏ,No,No,No,SÏ
27/03/2021 14.33.37,20,Maschio,No,No,No,No,No
27/03/2021 14.33.58,20,Femmina,SÏ,No,No,SÏ,
27/03/2021 14.34.14,21,Femmina,SÏ,No,No,No,No
27/03/2021 14.34.15,32,Femmina,No,SÏ,,,
27/03/2021 14.34.44,24,Femmina,SÏ,No,No,No,SÏ
27/03/2021 14.35.24,35,Maschio,No,No,No,No,SÏ
27/03/2021 14.35.35,31,Femmina,SÏ,No,No,No,No
27/03/2021 14.36.18,22,Maschio,No,No,No,No,SÏ
27/03/2021 14.36.33,26,Femmina,No,No,No,No,SÏ
27/03/2021 14.36.49,32,Femmina,No,No,No,No,No
27/03/2021 14.37.50,20,Femmina,SÏ,No,No,No,SÏ
27/03/2021 14.38.14,18,Maschio,SÏ,No,No,No,No
27/03/2021 14.38.21,21,Femmina,No,No,No,No,No
27/03/2021 14.38.35,35,Maschio,No,No,No,No,No
27/03/2021 14.38.45,46,Femmina,SÏ,No,No,No,No
27/03/2021 14.39.17,45,Maschio,SÏ,No,No,No,No
27/03/2021 14.39.29,54,Femmina,SÏ,SÏ,,,
27/03/2021 14.39.38,21,Femmina,No,No,No,No,No
27/03/2021 14.39.58,48,Femmina,SÏ,SÏ,,,
27/03/2021 14.40.57,71,Femmina,No,No,No,No,No
27/03/2021 14.41.04,34,Maschio,No,SÏ,,,
27/03/2021 14.41.41,21,Maschio,SÏ,SÏ,,,
27/03/2021 14.42.08,28,Femmina,SÏ,No,No,No,SÏ
27/03/2021 14.42.41,34,Maschio,No,No,No,No,SÏ
27/03/2021 14.42.54,21,Femmina,No,No,No,No,SÏ
27/03/2021 14.43.23,31,Femmina,SÏ,No,No,No,SÏ
27/03/2021 14.43.41,19,Femmina,No,No,No,No,SÏ
27/03/2021 14.44.17,58,Femmina,No,No,No,No,No
27/03/2021 14.45.04,55,Femmina,SÏ,No,No,No,SÏ
27/03/2021 14.45.54,35,Maschio,No,No,No,No,SÏ
27/03/2021 14.46.56,51,Femmina,No,No,No,No,No
27/03/2021 14.48.08,50,Maschio,No,No,No,No,No
27/03/2021 14.49.08,22,Femmina,No,No,No,No,No
27/03/2021 14.49.22,23,Maschio,No,No,No,No,No
27/03/2021 14.50.37,36,Maschio,SÏ,SÏ,,,
27/03/2021 14.50.41,18,Femmina,No,No,No,No,SÏ
27/03/2021 14.51.23,54,Maschio,SÏ,No,No,No,SÏ
27/03/2021 14.51.24,23,Femmina,No,SÏ,,,
27/03/2021 14.51.39,47,Maschio,No,SÏ,,,
27/03/2021 14.51.42,22,Femmina,No,No,No,No,SÏ
27/03/2021 14.51.49,30,Femmina,SÏ,No,No,No,No
27/03/2021 14.52.12,32,Femmina,SÏ,No,No,No,SÏ
27/03/2021 14.52.45,50,Maschio,No,No,No,No,No
27/03/2021 14.53.09,23,Maschio,No,No,No,No,SÏ
27/03/2021 14.53.28,51,Femmina,No,No,No,No,No
27/03/2021 14.53.49,51,Femmina,SÏ,SÏ,,,
27/03/2021 14.53.58,35,Femmina,No,No,No,No,SÏ
27/03/2021 14.54.31,30,Maschio,No,No,No,No,No
27/03/2021 14.55.33,38,Maschio,SÏ,No,No,No,SÏ
27/03/2021 14.55.47,26,Femmina,SÏ,SÏ,,,
27/03/2021 14.56.16,19,Maschio,No,No,No,No,No
27/03/2021 14.56.21,42,Femmina,No,No,No,No,No
27/03/2021 14.56.33,32,Femmina,No,SÏ,,,
27/03/2021 14.56.36,37,Femmina,SÏ,No,No,No,No
27/03/2021 14.56.43,43,Femmina,No,No,No,No,No
27/03/2021 14.57.24,19,Femmina,SÏ,No,No,SÏ,
27/03/2021 14.59.21,46,Femmina,SÏ,No,No,No,SÏ
27/03/2021 14.59.30,26,Femmina,SÏ,SÏ,,,
27/03/2021 14.59.31,40,Femmina,No,No,No,No,No
27/03/2021 14.59.53,40,Femmina,SÏ,No,No,No,SÏ
27/03/2021 15.00.06,21,Femmina,No,No,No,No,SÏ
27/03/2021 15.00.15,36,Femmina,No,No,No,No,SÏ
27/03/2021 15.00.20,34,Maschio,No,No,No,No,SÏ
27/03/2021 15.01.12,54,Femmina,No,No,No,No,No
27/03/2021 15.01.31,46,Femmina,No,No,No,No,No
27/03/2021 15.01.39,21,Femmina,No,No,No,No,No
27/03/2021 15.02.13,42,Femmina,No,No,No,No,SÏ
27/03/2021 15.03.14,55,Maschio,No,No,No,No,No
27/03/2021 15.03.37,36,Maschio,No,No,No,No,SÏ
27/03/2021 15.07.09,47,Maschio,No,No,No,No,No
27/03/2021 15.07.51,21,Femmina,SÏ,No,No,No,SÏ
27/03/2021 15.09.42,50,Femmina,No,No,No,No,No
27/03/2021 15.09.58,36,Femmina,No,No,No,SÏ,
27/03/2021 15.10.19,19,Femmina,SÏ,SÏ,,,
27/03/2021 15.10.22,20,Maschio,SÏ,SÏ,,,
27/03/2021 15.10.22,27,Femmina,SÏ,No,No,No,No
27/03/2021 15.11.02,64,Femmina,No,No,No,No,No
27/03/2021 15.11.33,38,Femmina,No,No,No,No,SÏ
27/03/2021 15.12.11,22,Femmina,No,No,No,No,SÏ
27/03/2021 15.12.16,21,Maschio,No,No,No,No,No
27/03/2021 15.12.28,28,Femmina,SÏ,No,No,No,SÏ
27/03/2021 15.13.06,39,Femmina,No,No,No,No,SÏ
27/03/2021 15.14.00,21,Femmina,SÏ,No,No,No,No
27/03/2021 15.14.30,35,Maschio,SÏ,No,No,No,SÏ
27/03/2021 15.14.35,49,Femmina,No,SÏ,,,
27/03/2021 15.14.46,23,Femmina,No,No,No,No,SÏ
27/03/2021 15.15.49,36,Maschio,No,No,No,No,SÏ
27/03/2021 15.17.31,20,Femmina,SÏ,No,No,No,No
27/03/2021 15.20.11,26,Femmina,SÏ,SÏ,,,
27/03/2021 15.20.50,35,Femmina,No,No,No,No,SÏ
27/03/2021 15.21.13,33,Femmina,SÏ,SÏ,,,
27/03/2021 15.21.54,31,Femmina,No,No,No,No,SÏ
27/03/2021 15.22.28,22,Maschio,No,No,No,No,No
27/03/2021 15.23.47,36,Maschio,No,No,No,No,SÏ
27/03/2021 15.24.10,24,Maschio,SÏ,No,No,No,No
27/03/2021 15.24.30,22,Femmina,No,No,No,No,No
27/03/2021 15.24.45,21,Maschio,SÏ,No,No,No,No
27/03/2021 15.27.33,21,Maschio,No,No,No,No,SÏ
27/03/2021 15.28.30,21,Femmina,SÏ,No,No,No,SÏ
27/03/2021 15.30.07,20,Femmina,No,No,No,No,No
27/03/2021 15.30.22,27,Femmina,No,No,No,No,SÏ
27/03/2021 15.31.26,45,Femmina,SÏ,SÏ,,,
27/03/2021 15.35.20,22,Maschio,SÏ,No,SÏ,,
27/03/2021 15.36.41,52,Maschio,No,No,No,SÏ,
27/03/2021 15.36.55,29,Maschio,SÏ,SÏ,,,
27/03/2021 15.40.04,57,Maschio,No,No,No,No,SÏ
27/03/2021 15.42.11,27,Femmina,No,SÏ,,,
27/03/2021 15.42.26,21,Maschio,No,No,No,No,SÏ
27/03/2021 15.42.52,45,Femmina,SÏ,SÏ,,,
27/03/2021 15.43.07,36,Maschio,No,SÏ,,,
27/03/2021 15.43.37,21,Femmina,No,No,No,SÏ,
27/03/2021 15.43.48,21,Femmina,No,No,No,SÏ,
27/03/2021 15.44.03,20,Femmina,SÏ,No,No,No,No
27/03/2021 15.44.32,27,Maschio,No,No,No,No,No
27/03/2021 15.46.39,51,Femmina,SÏ,No,No,No,SÏ
27/03/2021 15.48.33,22,Femmina,No,SÏ,,,
27/03/2021 15.48.45,31,Maschio,No,No,No,No,SÏ
27/03/2021 15.48.53,26,Maschio,No,No,No,No,No
27/03/2021 15.50.44,19,Femmina,SÏ,SÏ,,,
27/03/2021 15.53.54,21,Maschio,No,No,No,No,No
27/03/2021 15.54.04,25,Femmina,No,No,No,SÏ,
27/03/2021 15.55.57,28,Femmina,No,No,No,No,No
27/03/2021 15.58.13,22,Femmina,No,No,No,No,SÏ
27/03/2021 16.00.10,32,Maschio,No,No,No,No,No
27/03/2021 16.00.10,48,Maschio,No,No,No,No,No
27/03/2021 16.01.29,30,Femmina,SÏ,SÏ,,,
27/03/2021 16.02.51,48,Femmina,No,No,No,No,SÏ
27/03/2021 16.03.21,27,Femmina,No,SÏ,,,
27/03/2021 16.03.55,44,Maschio,SÏ,SÏ,,,
27/03/2021 16.08.05,22,Femmina,No,No,No,No,No
27/03/2021 16.08.50,27,Femmina,No,No,No,No,No
27/03/2021 16.09.22,29,Femmina,No,No,No,No,No
27/03/2021 16.09.24,23,Femmina,SÏ,No,SÏ,,
27/03/2021 16.09.42,21,Maschio,No,No,No,No,SÏ
27/03/2021 16.09.50,20,Femmina,No,No,No,No,No
27/03/2021 16.10.38,26,Femmina,SÏ,No,No,No,SÏ
27/03/2021 16.12.13,18,Maschio,SÏ,SÏ,,,
27/03/2021 16.12.37,24,Maschio,No,No,No,No,No
27/03/2021 16.12.55,28,Femmina,SÏ,SÏ,,,
27/03/2021 16.13.27,54,Maschio,No,SÏ,,,
27/03/2021 16.15.13,56,Femmina,SÏ,SÏ,,,
27/03/2021 16.17.22,24,Femmina,No,No,No,No,No
27/03/2021 16.20.03,48,Femmina,No,No,No,No,SÏ
27/03/2021 16.20.36,53,Femmina,SÏ,SÏ,,,
27/03/2021 16.20.52,26,Femmina,No,No,SÏ,,
27/03/2021 16.22.46,47,Femmina,SÏ,No,No,No,SÏ
27/03/2021 16.23.38,30,Maschio,SÏ,No,No,No,No
27/03/2021 16.24.28,55,Femmina,SÏ,SÏ,,,
27/03/2021 16.24.58,25,Femmina,SÏ,No,No,No,No
27/03/2021 16.25.41,21,Femmina,No,No,No,No,SÏ
27/03/2021 16.26.10,23,Femmina,SÏ,SÏ,,,
27/03/2021 16.30.12,31,Maschio,No,No,No,No,No
27/03/2021 16.31.05,22,Femmina,No,No,No,No,SÏ
27/03/2021 16.31.08,31,Femmina,No,SÏ,,,
27/03/2021 16.32.11,64,Femmina,No,No,No,No,No
27/03/2021 16.32.25,24,Femmina,No,SÏ,,,
27/03/2021 16.38.03,43,Maschio,No,No,No,No,No
27/03/2021 16.43.58,40,Femmina,No,No,No,No,No
27/03/2021 16.44.40,47,Maschio,No,No,No,No,No
27/03/2021 16.48.37,18,Maschio,SÏ,SÏ,,,
27/03/2021 16.51.40,50,Maschio,SÏ,No,No,No,SÏ
27/03/2021 16.56.25,22,Femmina,No,No,SÏ,,
27/03/2021 16.56.48,21,Femmina,No,No,No,No,SÏ
27/03/2021 17.02.18,23,Femmina,SÏ,SÏ,,,
27/03/2021 17.02.59,47,Maschio,No,No,No,No,No
27/03/2021 17.04.55,65,Femmina,SÏ,SÏ,,,
27/03/2021 17.14.09,62,Femmina,No,No,No,No,No
27/03/2021 17.17.14,66,Maschio,No,No,No,No,No
27/03/2021 17.17.57,42,Femmina,SÏ,SÏ,,,
27/03/2021 17.18.18,71,Femmina,No,No,No,No,No
27/03/2021 17.27.49,51,Femmina,SÏ,No,No,No,SÏ
27/03/2021 17.27.59,21,Femmina,No,No,No,No,SÏ
27/03/2021 17.28.47,41,Maschio,SÏ,No,No,No,SÏ
27/03/2021 17.29.24,63,Femmina,No,No,No,No,No
27/03/2021 17.32.17,64,Maschio,No,No,No,No,No
27/03/2021 17.32.56,32,Femmina,SÏ,No,No,No,SÏ
27/03/2021 17.35.19,23,Maschio,No,No,No,No,No
27/03/2021 17.45.02,39,Femmina,No,SÏ,,,
27/03/2021 17.50.49,60,Maschio,No,No,No,No,No
27/03/2021 17.51.15,42,Femmina,SÏ,No,SÏ,,
27/03/2021 17.56.07,45,Femmina,No,No,No,No,SÏ
27/03/2021 17.56.33,61,Femmina,No,No,No,No,SÏ
27/03/2021 17.57.32,25,Femmina,No,No,No,No,No
27/03/2021 17.57.38,48,Femmina,No,No,No,No,No
27/03/2021 17.58.26,35,Femmina,No,No,No,No,No
27/03/2021 17.59.08,18,Femmina,SÏ,No,No,No,SÏ
27/03/2021 17.59.54,50,Femmina,SÏ,No,No,No,SÏ
27/03/2021 18.00.49,54,Maschio,No,SÏ,,,
27/03/2021 18.02.29,62,Maschio,No,No,No,No,SÏ
27/03/2021 18.04.06,24,Maschio,SÏ,No,No,No,SÏ
27/03/2021 18.06.04,53,Maschio,No,No,No,No,No
27/03/2021 18.07.12,26,Maschio,SÏ,SÏ,,,
27/03/2021 18.13.34,42,Femmina,SÏ,SÏ,,,
27/03/2021 18.16.47,22,Maschio,No,No,No,No,SÏ
27/03/2021 18.16.56,35,Maschio,No,No,No,No,No
27/03/2021 18.17.22,25,Femmina,SÏ,No,SÏ,,
27/03/2021 18.18.10,24,Femmina,No,No,No,No,No
27/03/2021 18.26.08,60,Maschio,No,No,No,No,No
27/03/2021 18.26.41,50,Femmina,SÏ,No,No,No,No
27/03/2021 18.27.22,48,Femmina,No,No,No,No,No
27/03/2021 18.31.32,26,Maschio,SÏ,SÏ,,,
27/03/2021 18.32.41,21,Maschio,SÏ,No,No,No,No
27/03/2021 18.33.30,67,Femmina,SÏ,No,No,No,SÏ
27/03/2021 18.35.50,60,Maschio,No,No,No,No,No
27/03/2021 18.36.11,24,Femmina,SÏ,SÏ,,,
27/03/2021 18.37.03,47,Femmina,No,SÏ,,,
27/03/2021 18.37.40,60,Maschio,No,No,No,No,No
27/03/2021 18.38.17,28,Femmina,No,No,No,No,No
27/03/2021 18.44.58,18,Maschio,No,SÏ,,,
27/03/2021 18.46.39,56,Maschio,No,No,No,No,No
27/03/2021 18.49.51,24,Femmina,SÏ,No,No,No,SÏ
27/03/2021 18.52.15,22,Maschio,No,No,No,No,No
27/03/2021 18.52.39,21,Femmina,SÏ,No,No,No,No
27/03/2021 18.53.26,34,Maschio,No,No,No,No,No
27/03/2021 18.55.55,60,Maschio,No,No,No,No,SÏ
27/03/2021 18.59.40,56,Maschio,SÏ,No,No,No,No
27/03/2021 18.59.45,20,Femmina,SÏ,No,No,No,No
27/03/2021 19.00.42,42,Femmina,No,No,No,No,No
27/03/2021 19.02.29,66,Maschio,SÏ,SÏ,,,
27/03/2021 19.05.12,23,Femmina,No,SÏ,,,
27/03/2021 19.07.05,44,Femmina,No,No,No,No,SÏ
27/03/2021 19.07.45,21,Femmina,SÏ,No,No,No,SÏ
27/03/2021 19.16.21,58,Femmina,SÏ,SÏ,,,
27/03/2021 19.18.06,22,Femmina,No,No,No,No,No
27/03/2021 19.20.09,44,Maschio,No,No,No,No,SÏ
27/03/2021 19.20.47,21,Maschio,SÏ,No,No,No,SÏ
27/03/2021 19.21.19,52,Femmina,SÏ,SÏ,,,
27/03/2021 19.24.56,43,Femmina,SÏ,No,No,No,SÏ
27/03/2021 19.27.45,66,Femmina,SÏ,SÏ,,,
27/03/2021 19.28.33,42,Maschio,No,No,No,No,No
27/03/2021 19.30.14,33,Maschio,No,No,No,No,No
27/03/2021 19.40.55,25,Femmina,No,No,No,No,SÏ
27/03/2021 19.42.26,26,Maschio,No,No,No,No,No
27/03/2021 19.43.51,73,Maschio,No,No,No,No,No
27/03/2021 19.47.58,24,Maschio,No,No,No,No,No
27/03/2021 19.52.05,61,Maschio,SÏ,No,No,No,SÏ
27/03/2021 19.53.15,40,Femmina,SÏ,No,No,No,SÏ
27/03/2021 19.53.52,21,Maschio,SÏ,No,No,No,SÏ
27/03/2021 19.55.31,22,Femmina,SÏ,No,No,SÏ,
27/03/2021 19.59.56,48,Femmina,SÏ,No,No,No,No
27/03/2021 20.00.53,35,Maschio,No,No,No,No,SÏ
27/03/2021 20.00.57,36,Maschio,No,No,No,No,No
27/03/2021 20.03.34,41,Maschio,SÏ,No,No,No,No
27/03/2021 20.04.27,31,Maschio,No,No,No,No,SÏ
27/03/2021 20.04.29,21,Femmina,SÏ,No,No,No,SÏ
27/03/2021 20.07.25,17,Femmina,SÏ,SÏ,,,
27/03/2021 20.18.04,46,Maschio,No,No,No,No,No
27/03/2021 20.18.41,20,Femmina,SÏ,No,No,No,SÏ
27/03/2021 20.19.18,29,Maschio,No,No,No,No,No
27/03/2021 20.19.34,57,Maschio,SÏ,SÏ,,,
27/03/2021 20.23.57,24,Maschio,SÏ,No,No,No,SÏ
27/03/2021 20.24.06,60,Maschio,No,No,No,No,No
27/03/2021 20.25.47,47,Femmina,SÏ,No,No,SÏ,
27/03/2021 20.26.17,20,Femmina,SÏ,No,No,SÏ,
27/03/2021 20.31.33,46,Maschio,SÏ,No,No,No,SÏ
27/03/2021 20.35.49,25,Femmina,No,No,No,No,SÏ
27/03/2021 20.37.41,56,Femmina,No,No,No,No,No
27/03/2021 20.37.49,29,Maschio,No,No,No,No,No
27/03/2021 20.38.16,23,Maschio,SÏ,No,No,No,No
27/03/2021 20.40.00,52,Femmina,SÏ,No,No,No,No
27/03/2021 20.41.12,42,Femmina,SÏ,No,No,No,No
27/03/2021 20.42.44,33,Maschio,SÏ,SÏ,,,
27/03/2021 20.51.11,36,Femmina,No,No,No,No,No
27/03/2021 20.51.21,34,Maschio,No,No,No,No,No
27/03/2021 20.54.39,31,Maschio,SÏ,SÏ,,,
27/03/2021 20.54.42,48,Femmina,SÏ,SÏ,,,
27/03/2021 20.56.55,27,Maschio,SÏ,No,No,No,SÏ
27/03/2021 21.00.00,48,Maschio,No,No,No,No,No
27/03/2021 21.07.26,25,Maschio,No,No,No,No,No
27/03/2021 21.09.36,33,Maschio,No,No,No,No,SÏ
27/03/2021 21.26.06,67,Femmina,No,No,No,No,No
27/03/2021 21.27.05,19,Maschio,SÏ,No,No,No,No
27/03/2021 21.28.35,25,Maschio,No,No,No,No,SÏ
27/03/2021 21.28.37,23,Femmina,SÏ,No,No,No,SÏ
27/03/2021 21.36.05,21,Maschio,No,No,No,No,No
27/03/2021 21.51.04,24,Maschio,No,No,No,No,SÏ
27/03/2021 21.56.51,47,Femmina,SÏ,SÏ,,,
27/03/2021 21.58.29,24,Femmina,No,SÏ,,,
27/03/2021 22.03.22,20,Femmina,No,No,No,No,SÏ
27/03/2021 22.07.14,45,Femmina,SÏ,No,SÏ,,
27/03/2021 22.09.22,52,Femmina,No,No,No,No,No
27/03/2021 22.14.15,58,Femmina,No,No,No,No,No
27/03/2021 22.21.40,20,Femmina,SÏ,SÏ,,,
27/03/2021 22.29.22,48,Femmina,No,No,No,No,No
27/03/2021 22.31.07,54,Maschio,SÏ,SÏ,,,
27/03/2021 22.31.20,20,Femmina,SÏ,No,No,No,No
27/03/2021 22.35.50,46,Femmina,SÏ,No,No,No,SÏ
27/03/2021 22.56.18,21,Maschio,No,SÏ,,,
27/03/2021 23.00.26,25,Femmina,No,No,No,No,No
27/03/2021 23.01.49,28,Femmina,SÏ,SÏ,,,
27/03/2021 23.01.57,28,Maschio,No,No,No,No,No
27/03/2021 23.03.01,39,Femmina,SÏ,No,No,No,No
27/03/2021 23.05.32,19,Femmina,SÏ,SÏ,,,
27/03/2021 23.29.35,41,Femmina,No,SÏ,,,
27/03/2021 23.32.54,43,Femmina,No,No,No,No,No
28/03/2021 0.01.47,24,Femmina,SÏ,SÏ,,,
28/03/2021 0.21.54,42,Femmina,No,No,No,No,No
28/03/2021 1.37.57,65,Femmina,No,No,No,No,No
28/03/2021 3.42.53,50,Femmina,SÏ,SÏ,,,
28/03/2021 5.04.21,38,Femmina,SÏ,SÏ,,,
28/03/2021 7.48.34,50,Femmina,No,No,No,No,No
28/03/2021 7.49.05,50,Femmina,No,No,No,No,No
28/03/2021 7.52.02,54,Maschio,No,No,No,No,No
28/03/2021 8.14.35,46,Femmina,No,No,No,No,SÏ
28/03/2021 8.23.32,43,Femmina,SÏ,No,No,No,SÏ
28/03/2021 8.33.32,33,Maschio,SÏ,SÏ,,,
28/03/2021 8.50.42,53,Femmina,No,SÏ,,,
28/03/2021 8.53.56,49,Femmina,No,No,No,No,No
28/03/2021 9.25.52,63,Maschio,No,No,No,No,No
28/03/2021 9.29.09,48,Maschio,SÏ,SÏ,,,
28/03/2021 9.50.27,24,Maschio,No,SÏ,,,
28/03/2021 9.51.01,63,Maschio,SÏ,No,No,No,No
28/03/2021 9.57.35,47,Femmina,No,No,No,No,No
28/03/2021 10.01.14,44,Femmina,No,No,No,No,No
28/03/2021 10.06.08,29,Maschio,SÏ,SÏ,,,
28/03/2021 10.19.10,43,Maschio,No,SÏ,,,
28/03/2021 10.23.48,52,Maschio,SÏ,No,No,No,No
28/03/2021 10.26.33,35,Maschio,No,No,No,No,No
28/03/2021 10.26.49,35,Maschio,No,No,No,No,No
28/03/2021 10.33.19,53,Femmina,No,No,No,No,No
28/03/2021 10.45.05,56,Femmina,SÏ,No,No,SÏ,
28/03/2021 10.50.49,58,Femmina,SÏ,No,No,No,SÏ
28/03/2021 11.04.00,52,Femmina,No,SÏ,,,
28/03/2021 11.06.41,22,Maschio,SÏ,SÏ,,,
28/03/2021 11.07.33,51,Femmina,No,No,No,No,No
28/03/2021 11.08.45,33,Maschio,No,No,No,No,No
28/03/2021 11.57.36,28,Femmina,No,No,No,SÏ,
28/03/2021 11.59.05,63,Femmina,SÏ,SÏ,,,
28/03/2021 12.56.31,84,Maschio,SÏ,SÏ,,,
28/03/2021 12.58.12,81,Femmina,No,No,No,SÏ,
28/03/2021 13.09.54,34,Maschio,No,No,No,No,No
28/03/2021 13.26.29,20,Femmina,SÏ,No,No,SÏ,
28/03/2021 13.35.08,40,Femmina,No,No,No,No,SÏ
28/03/2021 13.36.26,19,Femmina,SÏ,No,No,No,No
28/03/2021 14.01.57,22,Femmina,No,No,No,No,SÏ
28/03/2021 14.04.07,18,Maschio,No,No,No,No,No
28/03/2021 14.05.33,24,Maschio,No,No,No,No,SÏ
28/03/2021 14.08.08,26,Femmina,SÏ,SÏ,,,
28/03/2021 14.24.23,25,Maschio,SÏ,SÏ,,,
28/03/2021 15.40.25,50,Femmina,No,No,No,No,No
28/03/2021 16.32.50,37,Femmina,SÏ,No,No,No,No
28/03/2021 17.23.22,50,Femmina,No,No,No,No,No
28/03/2021 17.39.24,48,Femmina,No,No,No,No,SÏ
28/03/2021 17.43.44,53,Maschio,No,No,No,No,No
28/03/2021 17.49.15,19,Femmina,SÏ,SÏ,,,
28/03/2021 17.49.37,48,Femmina,No,No,No,No,SÏ
28/03/2021 17.49.40,52,Femmina,SÏ,No,No,No,No
28/03/2021 17.50.06,54,Femmina,SÏ,No,No,No,SÏ
28/03/2021 17.54.18,18,Femmina,No,No,No,No,No
28/03/2021 17.57.07,52,Femmina,No,No,No,No,SÏ
28/03/2021 17.59.36,18,Femmina,No,No,No,No,SÏ
28/03/2021 18.09.40,21,Femmina,SÏ,No,No,No,SÏ
28/03/2021 18.10.45,28,Maschio,SÏ,No,No,No,SÏ
28/03/2021 18.16.07,50,Femmina,No,No,No,No,SÏ
28/03/2021 18.16.58,18,Femmina,No,No,No,No,SÏ
28/03/2021 18.22.30,18,Femmina,No,No,No,No,SÏ
28/03/2021 18.27.25,51,Femmina,No,No,No,No,No
28/03/2021 18.40.31,44,Femmina,SÏ,No,No,No,SÏ
28/03/2021 18.44.49,17,Femmina,SÏ,SÏ,,,
28/03/2021 18.54.07,24,Maschio,SÏ,SÏ,,,
28/03/2021 19.04.38,50,Femmina,No,No,No,No,No
28/03/2021 19.04.39,50,Femmina,SÏ,No,No,No,SÏ
28/03/2021 19.29.24,12,Femmina,SÏ,No,No,No,SÏ
28/03/2021 19.42.17,42,Femmina,No,No,No,No,No
28/03/2021 19.43.09,47,Femmina,No,No,No,No,No
28/03/2021 19.44.04,27,Femmina,SÏ,No,No,No,No
28/03/2021 19.47.19,56,Maschio,No,No,No,No,No
28/03/2021 19.49.16,58,Maschio,No,No,No,No,No
28/03/2021 20.19.48,50,Femmina,No,No,No,No,No
28/03/2021 21.02.34,24,Femmina,No,No,No,No,No
28/03/2021 21.03.42,39,Femmina,SÏ,No,No,No,No
28/03/2021 22.06.27,54,Femmina,SÏ,SÏ,,,
28/03/2021 22.11.09,40,Femmina,SÏ,No,No,No,SÏ
28/03/2021 22.25.40,50,Maschio,No,No,No,No,No
28/03/2021 22.43.19,62,Maschio,No,No,No,No,SÏ
28/03/2021 22.49.24,24,Femmina,SÏ,SÏ,,,
28/03/2021 23.02.05,43,Femmina,SÏ,SÏ,,,
28/03/2021 23.03.34,53,Femmina,No,No,SÏ,,
29/03/2021 1.12.53,50,Maschio,No,No,No,No,No
29/03/2021 7.10.25,40,Femmina,No,No,No,No,No
29/03/2021 7.46.04,26,Maschio,No,No,No,No,SÏ
29/03/2021 11.52.49,25,Maschio,No,No,No,SÏ,
29/03/2021 11.56.35,23,Maschio,No,No,No,No,SÏ
29/03/2021 11.56.53,25,Maschio,SÏ,No,No,No,SÏ
29/03/2021 11.57.12,29,Maschio,SÏ,SÏ,,,
29/03/2021 11.58.23,25,Maschio,No,SÏ,,,
29/03/2021 11.59.25,33,Maschio,No,No,No,No,SÏ
29/03/2021 12.00.24,24,Maschio,No,No,No,No,SÏ
29/03/2021 12.00.38,24,Maschio,No,No,No,No,SÏ
29/03/2021 12.00.59,24,Femmina,No,No,No,No,No
29/03/2021 12.01.13,25,Maschio,SÏ,No,No,No,SÏ
29/03/2021 12.01.50,20,Maschio,SÏ,SÏ,,,
29/03/2021 12.02.39,24,Maschio,SÏ,SÏ,,,
29/03/2021 12.05.06,24,Maschio,No,No,No,No,SÏ
29/03/2021 12.10.56,25,Maschio,No,SÏ,,,
29/03/2021 12.19.56,26,Maschio,No,No,No,No,SÏ
29/03/2021 12.20.36,32,Maschio,No,SÏ,,,
29/03/2021 12.33.18,24,Maschio,No,No,No,No,No
29/03/2021 12.34.54,14,Maschio,SÏ,No,No,No,SÏ
29/03/2021 12.39.24,24,Maschio,No,No,SÏ,,
29/03/2021 12.47.36,39,Femmina,No,No,No,No,SÏ
29/03/2021 12.48.33,54,Maschio,SÏ,No,No,SÏ,
29/03/2021 12.52.31,26,Maschio,SÏ,SÏ,,,
29/03/2021 12.52.59,54,Maschio,No,No,No,No,No
29/03/2021 12.54.54,19,Femmina,No,SÏ,,,
29/03/2021 13.31.11,28,Maschio,SÏ,SÏ,,,
29/03/2021 13.35.39,28,Maschio,No,No,No,No,No
29/03/2021 13.38.14,24,Femmina,SÏ,No,No,No,SÏ
29/03/2021 13.38.42,47,Femmina,SÏ,No,No,No,SÏ
29/03/2021 13.49.09,54,Femmina,SÏ,SÏ,,,
29/03/2021 14.11.44,20,Maschio,SÏ,SÏ,,,
29/03/2021 14.20.55,56,Femmina,No,No,No,No,No
29/03/2021 14.34.44,63,Femmina,No,No,No,No,No
29/03/2021 14.36.58,18,Femmina,No,No,No,No,No
29/03/2021 15.17.32,19,Femmina,No,No,No,No,No
29/03/2021 15.20.57,33,Femmina,SÏ,SÏ,,,
29/03/2021 15.43.31,30,Maschio,No,SÏ,,,
29/03/2021 16.14.05,25,Maschio,SÏ,No,No,No,SÏ
29/03/2021 16.23.25,19,Femmina,No,No,No,No,No
29/03/2021 17.03.22,24,Femmina,SÏ,SÏ,,,
29/03/2021 20.12.16,85,Maschio,No,No,No,No,No
29/03/2021 21.48.11,25,Femmina,SÏ,SÏ,,,
29/03/2021 23.00.46,26,Femmina,SÏ,SÏ,,,
29/03/2021 23.10.27,20,Femmina,SÏ,SÏ,,,
29/03/2021 23.53.39,24,Maschio,No,No,No,No,No
29/03/2021 23.56.59,20,Femmina,No,No,No,No,SÏ
30/03/2021 1.28.39,21,Femmina,SÏ,SÏ,,,
30/03/2021 7.03.00,54,Maschio,SÏ,SÏ,,,
